,,,,,,5*5*5,,,,10*10*10,,,,5*5*2,,,
Id,Designator,Footprint,Quantity,Designation,SKU,Board Qty,Part Qty,Per Piece,Amnt,Board Qty2,Part Qty3,Per Piece4,Amnt5,Board Qty2,Part Qty3,Per Piece4,Amnt5
1,SW2,SW_SPST_TL3342,1,4*4*1/5 SMD tact SW,KSTS0760,125,125,1.08,135,500,500,1.08,540,50,50,1.08,54
2,"C6,C7,C15,C3,C9,C11,C10,C4,C8",C_0603_1608Metric_Pad1.08x0.95mm_HandSolder,9,100n,KSTC1342,125,1125,0.64,720,500,4500,0.64,2880,50,450,0.64,288
3,U2,SOT-223-3_TabPin2,1,AZ1117CH-3.3TRG1 SOT223-3,KSTI0045,125,125,4.23,528.75,500,500,4.23,2115,50,50,4.23,211.5
4,J7,PinSocket_1x06_P2.54mm_Vertical,1,Conn_01x06_Socket,ST2106CO4027,125,125,6.26,782.5,500,500,6.26,3130,50,50,6.26,313
5,J5,PinSocket_1x06_P2.54mm_Vertical,1,Conn_01x06_Pin,ST2106CO4027,125,125,6.26,782.5,500,500,6.26,3130,50,50,6.26,313
6,"R20,R21,R14,R13,R11,R22,R12,R23",R_0603_1608Metric_Pad0.98x0.95mm_HandSolder,8,10K,KSTR0853,125,1000,0.18,180,500,4000,0.18,720,50,400,0.18,72
7,"R8,R1",R_0603_1608Metric_Pad0.98x0.95mm_HandSolder,2,220,KSTR1359,125,250,0.22,55,500,1000,0.22,220,50,100,0.22,22
8,"J6,J4",PinSocket_1x08_P2.54mm_Vertical,2,Conn_01x08_Socket,ST2106CO4029,125,250,7.79,1947.5,500,1000,7.79,7790,50,100,7.79,779
9,JP3,SolderJumper-3_P1.3mm_Open_Pad1.0x1.5mm,1,Jumper_3_Open,,125,125,,,500,500,,,50,50,,
10,"Q5,Q4,Q3,Q6",SOT-23,4,BSS138, KSTM0717,125,500,1.21,605,500,2000,1.21,2420,50,200,1.21,242
11,"C5,C12",C_0603_1608Metric_Pad1.08x0.95mm_HandSolder,2,1u,KSTC0823,125,250,0.65,162.5,500,1000,0.65,650,50,100,0.65,65
12,"R16,R6",R_0603_1608Metric_Pad0.98x0.95mm_HandSolder,2,1k,KSTR0854,125,250,0.22,55,500,1000,0.22,220,50,100,0.22,22
13,J3,PinSocket_1x10_P2.54mm_Vertical,1,Conn_01x10_Socket,ST2106CO4031,125,125,6.83,853.75,500,500,6.83,3415,50,50,6.83,341.5
14,"C1,C2",C_0603_1608Metric_Pad1.08x0.95mm_HandSolder,2,27p,059-0603N270J500CT,125,250,0.92,230,500,1000,0.92,920,50,100,0.92,92
15,D3,SOT-23,1,D_TVS_Dual_AAC,KSTD0106,125,125,6.36,795,500,500,6.36,3180,50,50,6.36,318
16,Y1,Crystal_SMD_3225-4Pin_3.2x2.5mm,1,\YSX321SL 12 Mhz,KSTC1119,125,125,11,1375,500,500,11,5500,50,50,11,550
17,JP4,SolderJumper-2_P1.3mm_Open_RoundedPad1.0x1.5mm,1,Jumper_2_Open,,125,125,,,500,500,,,50,50,,
18,F1,Fuse_1206_3216Metric_Pad1.42x1.75mm_HandSolder,1,Fuse,KSTF0733,125,125,4.67,583.75,500,500,4.67,2335,50,50,4.67,233.5
19,U4,SOT-223-3_TabPin2,1,AMS1117-5.0,KSTI0851,125,125,4.9,612.5,500,500,4.9,2450,50,50,4.9,245
20,"R4,R5",R_0603_1608Metric_Pad0.98x0.95mm_HandSolder,2,27R,058-0603SAJ07270T5E,125,250,0.56,140,500,1000,0.56,560,50,100,0.56,56
21,"JP2,JP1",SolderJumper-2_P1.3mm_Open_RoundedPad1.0x1.5mm,2,Jumper_2_Bridged,,125,250,,,500,1000,,,50,100,,
22,J2,JST_SM04B-SRSS-TB_LF__SN_,1,SM04B-SRSS-TB_LF__SN_,083-EQ-SM04B-SRSS-TB-W,125,125,12,1500,500,500,12,6000,50,50,12,600
23,"C14,C13",C_0603_1608Metric_Pad1.08x0.95mm_HandSolder,2,10u,KSTC0826,125,250,3.39,847.5,500,1000,3.39,3390,50,100,3.39,339
24,"D5,D4",LED_0805_2012Metric_Pad1.15x1.40mm_HandSolder,2,LED,KSTL0464,125,250,0.57,142.5,500,1000,0.57,570,50,100,0.57,57
25,"R2,R33,R3",R_0603_1608Metric_Pad0.98x0.95mm_HandSolder,3,5.1K,KSTR1150,125,375,0.22,82.5,500,1500,0.22,330,50,150,0.22,33
26,J10,PinHeader_1x02_P2.54mm_Vertical,1,Conn_01x02_Pin,,125,125,,,500,500,,,50,50,,
27,U1,QFN-56-1EP_7x7mm_P0.4mm_EP3.2x3.2mm,1,RP2040,KSTI1038,125,125,65.17,8146.25,500,500,65.17,32585,50,50,65.17,3258.5
28,J1,USB_C_Receptacle_G-Switch_GT-USB-7010ASV,1,USB_C_Receptacle_USB2.0,KSTC0844,125,125,4.44,555,500,500,4.44,2220,50,50,4.44,222
29,U3,SOIC-8_5.23x5.23mm_P1.27mm,1,W25Q128JVS,KSTI0450,125,125,28.93,3616.25,500,500,28.93,14465,50,50,28.93,1446.5
30,SW1,SW_SPST_TL3342,1,TACT SW,KSTS0760,125,125,1.08,135,500,500,1.08,540,50,50,1.08,54
31,D2,LED_WS2812B_PLCC4_5.0x5.0mm_P3.2mm,1,WS2812B,KSTL0917,125,125,3.69,461.25,500,500,3.69,1845,50,50,3.69,184.5
32,J9,BarrelJack_Horizontal,1,Barrel_Jack_Switch,KSTC0508,125,125,3.9,487.5,500,500,3.9,1950,50,50,3.9,195
33,J8,PinSocket_1x03_P2.54mm_Vertical,1,Conn_01x03_Pin,,125,125,,,500,500,,,50,50,,
34,"R15,R17",R_0603_1608Metric_Pad0.98x0.95mm_HandSolder,2,2.2K,058-0603WAF2201T5E,125,250,0.36,90,500,1000,0.36,360,50,100,0.36,36
35,R7,R_0603_1608Metric_Pad0.98x0.95mm_HandSolder,1,10k,KSTR0853,125,125,0.22,27.5,500,500,0.22,110,50,50,0.22,11
36,D1,D_SOD-128,1,D_Schottky,KSTD0107,125,125,1.47,183.75,500,500,1.47,735,50,50,1.47,73.5
,,,,,,,,,,,,,,,,,
,,,,,,,,,,,,,,,,,
,,,,,NET COST,,,,26818.75,,,,107275,,,,10727.5
