Id,Designator,Footprint,Quantity,Designation,TYPE,,
2,"C6,C7,C15,C3,C9,C11,C10,C4,C8",#0603,9,100n,SMD,,
6,"R20,R21,R14,R13,R11,R22,R12,R23",#0603,8,10K,SMD,,
7,"R8,R1",#0603,2,220,SMD,,
11,"C5,C12",#0603,2,1u,SMD,,
12,"R16,R6",#0603,2,1k,SMD,,54-SMD
14,"C1,C2",#0603,2,27p,SMD,,8-tht
20,"R4,R5",#0603,2,27R,SMD,,3-N/A
23,"C14,C13",#0603,2,10u,SMD,,
25,"R2,R33,R3",#0603,3,5.1K,SMD,,
34,"R15,R17",#0603,2,2.2K,SMD,,
35,R7,#0603,1,10k,SMD,,
24,"D5,D4",#0805,2,LED,SMD,,
18,F1,#1206,1,Fuse,SMD,,
1,SW2,4*4*1.5 SMD SW,1,4*4*1/5 SMD tact SW,SMD,,
30,SW1,4*4*1.5 SMD SW,1,TACT SW,SMD,,
32,J9,BarrelJack_Horizontal,1,Barrel_Jack_Switch,THT,,
16,Y1,Crystal_SMD_3225-4Pin_3.2x2.5mm,1,\YSX321SL 12 Mhz,SMD,,
22,J2,JST_SM04B,1,SM04B-SRSS-TB_LF__SN_,SMD,,
31,D2,LED_WS2812B_PLCC4_5.0x5.0mm_P3.2mm,1,WS2812B,SMD,,
26,J10,PinHeader_1x02_P2.54mm_Vertical,1,Conn_01x02_Pin,THT,,
33,J8,PinSocket_1x03_P2.54mm_Vertical,1,Conn_01x03_Pin,THT,,
4,J7,PinSocket_1x06_P2.54mm_Vertical,1,Conn_01x06_Socket,THT,,
5,J5,PinSocket_1x06_P2.54mm_Vertical,1,Conn_01x06_Pin,THT,,
8,"J6,J4",PinSocket_1x08_P2.54mm_Vertical,2,Conn_01x08_Socket,THT,,
13,J3,PinSocket_1x10_P2.54mm_Vertical,1,Conn_01x10_Socket,THT,,
27,U1,QFN-56,1,RP2040,SMD,,
36,D1,SOD-128,1,D_Schottky,SMD,,
29,U3,SOIC-8,1,W25Q128JVS,SMD,,
17,JP4,SolderJumper-2_P1.3mm_Open_RoundedPad1.0x1.5mm,1,Jumper_2_Open,N/A,,
21,"JP2,JP1",SolderJumper-2_P1.3mm_Open_RoundedPad1.0x1.5mm,2,Jumper_2_Bridged,N/A,,
9,JP3,SolderJumper-3_P1.3mm_Open_Pad1.0x1.5mm,1,Jumper_3_Open,N/A,,
19,U4,SOT-223,1,AMS1117-5.0,SMD,,
3,U2,SOT-223 ,1,AZ1117CH-3.3TRG1 SOT223-3,SMD,,
10,"Q5,Q4,Q3,Q6",SOT-23,4,BSS138,SMD,,
15,D3,SOT-23,1,D_TVS_Dual_AAC,SMD,,
28,J1,USB_C_Receptacle_G-Switch_GT-USB-7010ASV,1,USB_C_Receptacle_USB2.0,SMD,,
