Ref,Val,Package,PosX,PosY,Rot,Side
"C1","27p","C_0603_1608Metric_Pad1.08x0.95mm_HandSolder",-131.532500,30.960000,0.000000,top
"C2","27p","C_0603_1608Metric_Pad1.08x0.95mm_HandSolder",-139.857500,32.620000,180.000000,top
"C3","100n","C_0603_1608Metric_Pad1.08x0.95mm_HandSolder",-132.845700,56.130000,90.000000,top
"C4","100n","C_0603_1608Metric_Pad1.08x0.95mm_HandSolder",-131.321700,56.130000,90.000000,top
"C5","1u","C_0603_1608Metric_Pad1.08x0.95mm_HandSolder",-131.860000,52.180000,135.000000,top
"C6","100n","C_0603_1608Metric_Pad1.08x0.95mm_HandSolder",-141.380000,43.380000,180.000000,top
"C7","100n","C_0603_1608Metric_Pad1.08x0.95mm_HandSolder",-136.588000,48.545500,180.000000,top
"C8","100n","C_0603_1608Metric_Pad1.08x0.95mm_HandSolder",-107.760000,51.809500,0.000000,top
"C9","100n","C_0603_1608Metric_Pad1.08x0.95mm_HandSolder",-121.104000,40.881500,-45.000000,top
"C10","100n","C_0603_1608Metric_Pad1.08x0.95mm_HandSolder",-122.060000,50.059500,0.000000,top
"C11","100n","C_0603_1608Metric_Pad1.08x0.95mm_HandSolder",-130.420000,36.177000,-90.000000,top
"C12","1u","C_0603_1608Metric_Pad1.08x0.95mm_HandSolder",-125.690000,51.230000,90.000000,top
"C13","10u","C_0603_1608Metric_Pad1.08x0.95mm_HandSolder",-115.587500,57.990000,180.000000,top
"C14","10u","C_0603_1608Metric_Pad1.08x0.95mm_HandSolder",-115.730000,54.987500,90.000000,top
"C15","100n","C_0603_1608Metric_Pad1.08x0.95mm_HandSolder",-137.082500,56.100000,0.000000,top
"D1","D_Schottky","D_SOD-128",-114.410000,62.320000,90.000000,top
"D2","WS2812B","LED_WS2812B_PLCC4_5.0x5.0mm_P3.2mm",-115.780000,48.450000,-90.000000,top
"D3","D_TVS_Dual_AAC","SOT-23",-125.412000,57.611000,-90.000000,top
"D4","LED","LED_0805_2012Metric_Pad1.15x1.40mm_HandSolder",-102.460000,58.709500,-90.000000,top
"D5","LED","LED_0805_2012Metric_Pad1.15x1.40mm_HandSolder",-102.460000,62.859500,90.000000,top
"F1","Fuse","Fuse_1206_3216Metric_Pad1.42x1.75mm_HandSolder",-138.897500,60.080000,0.000000,top
"J1","USB_C_Receptacle_USB2.0","USB_C_Receptacle_G-Switch_GT-USB-7010ASV",-116.735000,71.534500,180.000000,top
"J2","SM04B-SRSS-TB_LF__SN_","JST_SM04B-SRSS-TB_LF__SN_",-135.060000,5.465000,0.000000,top
"J3","Conn_01x10_Socket","PinSocket_1x10_P2.54mm_Vertical",-103.490000,27.399500,180.000000,top
"J4","Conn_01x08_Socket","PinSocket_1x08_P2.54mm_Vertical",-103.435000,5.540000,180.000000,top
"J5","Conn_01x06_Pin","PinSocket_1x06_P2.54mm_Vertical",-152.010000,5.820000,180.000000,top
"J6","Conn_01x08_Socket","PinSocket_1x08_P2.54mm_Vertical",-151.810000,41.329500,0.000000,top
"J7","Conn_01x06_Socket","PinSocket_1x06_P2.54mm_Vertical",-118.360000,19.339500,0.000000,top
"J8","Conn_01x03_Pin","PinSocket_1x03_P2.54mm_Vertical",-128.390000,2.820000,90.000000,top
"J9","Barrel_Jack_Switch","BarrelJack_Horizontal",-147.012000,60.027500,-90.000000,top
"J10","Conn_01x02_Pin","PinHeader_1x02_P2.54mm_Vertical",-111.140000,48.335000,180.000000,top
"Q3","BSS138","SOT-23",-108.160000,10.940000,0.000000,top
"Q4","BSS138","SOT-23",-108.182500,14.290000,0.000000,top
"Q5","BSS138","SOT-23",-108.140000,17.750000,0.000000,top
"Q6","BSS138","SOT-23",-108.120000,21.250000,0.000000,top
"R1","220","R_0603_1608Metric_Pad0.98x0.95mm_HandSolder",-102.450000,66.500000,-90.000000,top
"R2","5.1K","R_0603_1608Metric_Pad0.98x0.95mm_HandSolder",-121.530000,61.950000,-135.000000,top
"R3","5.1K","R_0603_1608Metric_Pad0.98x0.95mm_HandSolder",-124.970000,64.540000,-135.000000,top
"R4","27R","R_0603_1608Metric_Pad0.98x0.95mm_HandSolder",-127.410000,51.337500,-90.000000,top
"R5","27R","R_0603_1608Metric_Pad0.98x0.95mm_HandSolder",-128.920000,51.367500,-90.000000,top
"R6","1k","R_0603_1608Metric_Pad0.98x0.95mm_HandSolder",-153.210000,56.260000,-90.000000,top
"R7","10k","R_0603_1608Metric_Pad0.98x0.95mm_HandSolder",-153.390000,52.590000,90.000000,top
"R8","220","R_0603_1608Metric_Pad0.98x0.95mm_HandSolder",-102.580000,55.150000,-90.000000,top
"R11","10K","R_0603_1608Metric_Pad0.98x0.95mm_HandSolder",-110.920000,11.097500,90.000000,top
"R12","10K","R_0603_1608Metric_Pad0.98x0.95mm_HandSolder",-110.830000,14.280000,90.000000,top
"R13","10K","R_0603_1608Metric_Pad0.98x0.95mm_HandSolder",-110.850000,17.780000,90.000000,top
"R14","10K","R_0603_1608Metric_Pad0.98x0.95mm_HandSolder",-110.770000,21.240000,90.000000,top
"R15","2.2K","R_0603_1608Metric_Pad0.98x0.95mm_HandSolder",-133.750000,8.270000,90.000000,top
"R16","1k","R_0603_1608Metric_Pad0.98x0.95mm_HandSolder",-135.230000,33.117500,90.000000,top
"R17","2.2K","R_0603_1608Metric_Pad0.98x0.95mm_HandSolder",-135.250000,8.370000,90.000000,top
"R20","10K","R_0603_1608Metric_Pad0.98x0.95mm_HandSolder",-105.630000,10.920000,-90.000000,top
"R21","10K","R_0603_1608Metric_Pad0.98x0.95mm_HandSolder",-105.650000,14.250000,-90.000000,top
"R22","10K","R_0603_1608Metric_Pad0.98x0.95mm_HandSolder",-105.610000,17.730000,-90.000000,top
"R23","10K","R_0603_1608Metric_Pad0.98x0.95mm_HandSolder",-105.760000,21.250000,-90.000000,top
"R33","5.1K","R_0603_1608Metric_Pad0.98x0.95mm_HandSolder",-127.380000,36.257500,90.000000,top
"SW1","TACT SW","SW_SPST_TL3342",-134.830000,16.090000,0.000000,top
"SW2","4*4*1/5 SMD tact SW","SW_SPST_TL3342",-137.260000,65.209500,0.000000,top
"U1","RP2040","QFN-56-1EP_7x7mm_P0.4mm_EP3.2x3.2mm",-129.984000,44.481500,0.000000,top
"U2","AZ1117CH-3.3TRG1 SOT223-3","SOT-223-3_TabPin2",-108.410000,56.420000,0.000000,top
"U3","W25Q128JVS","SOIC-8_5.23x5.23mm_P1.27mm",-143.954000,54.133500,0.000000,top
"U4","AMS1117-5.0","SOT-223-3_TabPin2",-108.460000,63.720000,0.000000,top
"Y1","\YSX321SL 12 Mhz","Crystal_SMD_3225-4Pin_3.2x2.5mm",-135.980000,27.920000,0.000000,top
